{"cameraMode":{"drawMode":0,"name":"Shaded","section":"Shading Mode"},"sceneLighting":false,"audioPlay":false,"sceneViewState":{"showFog":false,"showMaterialUpdate":false,"showSkybox":false,"showFlares":false,"showImageEffects":false,"showParticleSystems":false},"in2DMode":false,"pivot":{"x":0.34326171875,"y":1.116485595703125,"z":3.258544921875},"rotation":{"x":-0.0037718378007411958,"y":0.995656430721283,"z":-0.046640392392873767,"w":-0.08052335679531098},"size":2.1474602222442629,"orthographic":true}